source_url,target_url,status_code,preserve_query_string
https://mns1express.com/news/,https://www.mns1express.com/blog/,301,true
https://www.mns1express.com/news/,https://www.mns1express.com/blog/,301,true
https://mns1express.com/company-news/,https://www.mns1express.com/blog/,301,true
https://www.mns1express.com/company-news/,https://www.mns1express.com/blog/,301,true
https://mns1express.com/industry-news/,https://www.mns1express.com/blog/,301,true
https://www.mns1express.com/industry-news/,https://www.mns1express.com/blog/,301,true
https://mns1express.com/category/*,https://www.mns1express.com/blog/,301,true
https://www.mns1express.com/category/*,https://www.mns1express.com/blog/,301,true
https://mns1express.com/tag/*,https://www.mns1express.com/blog/,301,true
https://www.mns1express.com/tag/*,https://www.mns1express.com/blog/,301,true
https://mns1express.com/about/,https://www.mns1express.com/about,301,true
https://www.mns1express.com/about/,https://www.mns1express.com/about,301,true
https://mns1express.com/contact/,https://www.mns1express.com/contact,301,true
https://www.mns1express.com/contact/,https://www.mns1express.com/contact,301,true
https://mns1express.com/equipment/,https://www.mns1express.com/equipment,301,true
https://www.mns1express.com/equipment/,https://www.mns1express.com/equipment,301,true
https://mns1express.com/locations/,https://www.mns1express.com/lanes,301,true
https://www.mns1express.com/locations/,https://www.mns1express.com/lanes,301,true
https://mns1express.com/company-driver-benefits/,https://www.mns1express.com/pay.html,301,true
https://www.mns1express.com/company-driver-benefits/,https://www.mns1express.com/pay.html,301,true
https://mns1express.com/privacy-policy/,https://www.mns1express.com/privacy.html,301,true
https://www.mns1express.com/privacy-policy/,https://www.mns1express.com/privacy.html,301,true
https://mns1express.com/owner-operator/,https://www.mns1express.com/jobs/,301,true
https://www.mns1express.com/owner-operator/,https://www.mns1express.com/jobs/,301,true
https://mns1express.com/testimonials/*,https://www.mns1express.com/about,301,true
https://www.mns1express.com/testimonials/*,https://www.mns1express.com/about,301,true
https://mns1express.com/testimonials/,https://www.mns1express.com/about,301,true
https://www.mns1express.com/testimonials/,https://www.mns1express.com/about,301,true
https://mns1express.com/2023/*,https://www.mns1express.com/blog/,301,true
https://www.mns1express.com/2023/*,https://www.mns1express.com/blog/,301,true
https://mns1express.com/2024/*,https://www.mns1express.com/blog/,301,true
https://www.mns1express.com/2024/*,https://www.mns1express.com/blog/,301,true
https://mns1express.com/job/class-a-truck-driver-st-louis-mo/,https://www.mns1express.com/jobs/cdl-a-driver-st-louis-mo/,301,true
https://www.mns1express.com/job/class-a-truck-driver-st-louis-mo/,https://www.mns1express.com/jobs/cdl-a-driver-st-louis-mo/,301,true
https://mns1express.com/job/cdl-a-driver-in-bolingbrook-il/,https://www.mns1express.com/jobs/cdl-a-driver-bolingbrook-il/,301,true
https://www.mns1express.com/job/cdl-a-driver-in-bolingbrook-il/,https://www.mns1express.com/jobs/cdl-a-driver-bolingbrook-il/,301,true
https://mns1express.com/job/class-a-truck-driver-plainfield-il/,https://www.mns1express.com/jobs/cdl-a-driver-plainfield-il/,301,true
https://www.mns1express.com/job/class-a-truck-driver-plainfield-il/,https://www.mns1express.com/jobs/cdl-a-driver-plainfield-il/,301,true
https://mns1express.com/job/class-a-truck-driver-cedar-rapids-ia/,https://www.mns1express.com/jobs/cdl-a-driver-cedar-rapids-ia/,301,true
https://www.mns1express.com/job/class-a-truck-driver-cedar-rapids-ia/,https://www.mns1express.com/jobs/cdl-a-driver-cedar-rapids-ia/,301,true
https://mns1express.com/job/class-a-truck-driver-des-moines-ia/,https://www.mns1express.com/jobs/cdl-a-driver-des-moines-ia/,301,true
https://www.mns1express.com/job/class-a-truck-driver-des-moines-ia/,https://www.mns1express.com/jobs/cdl-a-driver-des-moines-ia/,301,true
https://mns1express.com/job/class-a-truck-driver-green-bay-wi/,https://www.mns1express.com/jobs/cdl-a-driver-green-bay-wi/,301,true
https://www.mns1express.com/job/class-a-truck-driver-green-bay-wi/,https://www.mns1express.com/jobs/cdl-a-driver-green-bay-wi/,301,true
https://mns1express.com/job/cdl-a-driver-in-minneapolis-mn/,https://www.mns1express.com/jobs/cdl-a-driver-minneapolis-mn/,301,true
https://www.mns1express.com/job/cdl-a-driver-in-minneapolis-mn/,https://www.mns1express.com/jobs/cdl-a-driver-minneapolis-mn/,301,true
https://mns1express.com/job/class-a-truck-driver-indianapolis-in/,https://www.mns1express.com/jobs/cdl-a-driver-indianapolis-in/,301,true
https://www.mns1express.com/job/class-a-truck-driver-indianapolis-in/,https://www.mns1express.com/jobs/cdl-a-driver-indianapolis-in/,301,true
https://mns1express.com/job/class-a-truck-driver-toledo-oh/,https://www.mns1express.com/jobs/cdl-a-driver-toledo-oh/,301,true
https://www.mns1express.com/job/class-a-truck-driver-toledo-oh/,https://www.mns1express.com/jobs/cdl-a-driver-toledo-oh/,301,true
https://mns1express.com/job/class-a-truck-driver-louisville-ky/,https://www.mns1express.com/jobs/cdl-a-driver-louisville-ky/,301,true
https://www.mns1express.com/job/class-a-truck-driver-louisville-ky/,https://www.mns1express.com/jobs/cdl-a-driver-louisville-ky/,301,true
https://mns1express.com/job/class-a-truck-driver-milwaukee-wi/,https://www.mns1express.com/jobs/cdl-a-driver-milwaukee-wi/,301,true
https://www.mns1express.com/job/class-a-truck-driver-milwaukee-wi/,https://www.mns1express.com/jobs/cdl-a-driver-milwaukee-wi/,301,true
https://mns1express.com/job/*,https://www.mns1express.com/jobs/,301,true
https://www.mns1express.com/job/*,https://www.mns1express.com/jobs/,301,true
